<?xml version='1.0' encoding='UTF-8' ?>
<timeLogEntries>
  <time id="1" path="/Lab3/PSP0/Planning" start="@1555633921865" delta="179" />
  <time id="2" path="/Lab3/PSP0/Design" start="@1555687889707" delta="327" />
  <time id="3" path="/Lab3/PSP0/Code" start="@1555707520368" delta="415" interrupt="65" />
  <time id="4" path="/Lab3/PSP0/Test" start="@1555796989402" delta="32" />
  <time id="5" path="/Lab3/PSP0/Code" start="@1555809978540" delta="11" />
  <time id="6" path="/Lab3/PSP0/Test" start="@1555810655188" delta="5" />
  <time id="7" path="/Lab3/PSP0/Code" start="@1556203177483" delta="7" />
  <time id="8" path="/Lab3/PSP0/Code" start="@1556243992686" delta="98" />
  <time id="9" path="/Lab3/PSP0/Test" start="@1556249885121" delta="57" />
</timeLogEntries>
