<?xml version='1.0' encoding='UTF-8' ?>
<timeLogEntries>
  <time id="1" path="/LABORATORIO2/PSP0/Planning" start="@1551898633551" delta="109" interrupt="3" />
  <time id="2" path="/LABORATORIO2/PSP0/Design" start="@1552422106448" delta="24" />
  <time id="3" path="/LABORATORIO2/PSP0/Design" start="@1552493702184" delta="17" />
  <time id="4" path="/LABORATORIO2/PSP0/Design" start="@1552497255849" delta="12" />
  <time id="5" path="/LABORATORIO2/PSP0/Design" start="@1552513087454" delta="4" />
  <time id="6" path="/LABORATORIO2/PSP0/Design" start="@1552513352173" delta="3" />
  <time id="7" path="/LABORATORIO2/PSP0/Test" start="@1552513636470" delta="39" interrupt="2" />
  <time id="8" path="/LABORATORIO2/PSP0/Design" start="@1552518362320" delta="11" />
  <time id="9" path="/LABORATORIO2/PSP0/Code" start="@1552519382005" delta="68" />
  <time id="10" path="/LABORATORIO2/PSP0/Code" start="@1552583234088" delta="122" />
  <time id="11" path="/LABORATORIO2/PSP0/Compile" start="@1552590600713" delta="3" />
</timeLogEntries>
